Resume,Category
"Python developer with 5 years of experience in Django, Flask, and REST APIs. Proficient in AWS and Docker.",Software Engineer
"Data analyst skilled in SQL, Python, and Tableau. Built dashboards for business insights.",Data Scientist
"Marketing specialist with expertise in SEO, Google Ads, and content strategy. Increased ROI by 20%.",Marketing
"Project manager with PMP certification. Led Agile teams for 7 years, delivering projects on time.",Project Manager
"Frontend developer proficient in React, JavaScript, and TypeScript. Built responsive web apps.",Software Engineer
"Machine learning engineer with experience in TensorFlow, PyTorch, and NLP models.",Data Scientist
"Digital marketing expert with skills in social media campaigns and email marketing.",Marketing
"Scrum master with 5 years of experience facilitating Agile methodologies and sprint planning.",Project Manager
"Backend developer skilled in Node.js, Express, and MongoDB. Optimized APIs for scalability.",Software Engineer
"Data scientist with expertise in R, statistical modeling, and predictive analytics.",Data Scientist
"Content marketer with experience in blog writing, SEO, and lead generation strategies.",Marketing
"Program manager with 8 years of experience overseeing cross-functional teams.",Project Manager
"Full-stack developer with proficiency in Python, Java, and Kubernetes.",Software Engineer
"Business intelligence analyst skilled in Power BI, SQL, and data warehousing.",Data Scientist
"Brand manager with a track record of launching successful product campaigns.",Marketing
"Agile project manager with experience in Jira and Kanban methodologies.",Project Manager
"Software engineer with expertise in microservices and cloud architecture.",Software Engineer
"AI researcher with publications in deep learning and computer vision.",Data Scientist
"Social media strategist with experience in influencer marketing and analytics.",Marketing
"IT project manager with 6 years of experience in software implementation.",Project Manager
"Java developer with experience in Spring Boot and Hibernate.",Software Engineer
"Data engineer proficient in Apache Spark, Hadoop, and ETL pipelines.",Data Scientist
"SEO specialist with skills in keyword research and link building.",Marketing
"Project coordinator with experience in risk management and stakeholder communication.",Project Manager
"Mobile app developer skilled in Flutter and Android SDK.",Software Engineer
"Statistician with expertise in hypothesis testing and Bayesian methods.",Data Scientist
"Marketing analyst with experience in A/B testing and customer segmentation.",Marketing
"Senior project manager with 10 years of experience in enterprise software.",Project Manager
"Cloud engineer with certifications in AWS and Azure.",Software Engineer
"Machine learning specialist with experience in GANs and reinforcement learning.",Data Scientist
"Email marketing expert with high open-rate campaign designs.",Marketing
"Construction project manager with experience in large-scale infrastructure.",Project Manager
"DevOps engineer skilled in CI/CD pipelines and Terraform.",Software Engineer
"Data visualization expert with proficiency in D3.js and Tableau.",Data Scientist
"Public relations specialist with media outreach experience.",Marketing
"Project manager with expertise in waterfall and hybrid methodologies.",Project Manager
"Embedded systems engineer with experience in C++ and IoT.",Software Engineer
"Quantitative analyst with skills in time-series analysis and risk modeling.",Data Scientist
"Growth hacker with experience in viral marketing campaigns.",Marketing
"Change management specialist with 5 years of experience.",Project Manager
"Game developer proficient in Unity and C#.",Software Engineer
"Bioinformatician with experience in genomic data analysis.",Data Scientist
"Advertising manager with skills in programmatic advertising.",Marketing
"Project manager with experience in ERP system deployments.",Project Manager
"Security engineer with expertise in penetration testing.",Software Engineer
"Data scientist with experience in clustering and anomaly detection.",Data Scientist
"Content strategist with expertise in UX writing.",Marketing
"Portfolio manager with experience in cross-industry projects.",Project Manager
"Database developer skilled in PostgreSQL and NoSQL.",Software Engineer
"AI engineer with experience in chatbot development.",Data Scientist
"Event marketing specialist with experience in trade shows.",Marketing
"Project manager with certifications in Six Sigma.",Project Manager
"Web developer proficient in Angular and GraphQL.",Software Engineer
"Data analyst with skills in Python, Pandas, and SQL Server.",Data Scientist
"Copywriter with experience in technical writing.",Marketing
"Project manager with experience in healthcare IT.",Project Manager
"Blockchain developer with expertise in Solidity.",Software Engineer
"Econometrician with skills in regression modeling.",Data Scientist
"Market research analyst with survey design experience.",Marketing
"Project manager with experience in global team coordination.",Project Manager
"API developer with experience in gRPC and REST.",Software Engineer
"Data scientist with expertise in neural networks.",Data Scientist
"PPC specialist with Google Ads certification.",Marketing
"Project manager with experience in SaaS product launches.",Project Manager
"Software developer with skills in Ruby on Rails.",Software Engineer
"Data engineer with experience in Kafka and data lakes.",Data Scientist
"Brand strategist with experience in rebranding campaigns.",Marketing
"Project manager with experience in lean methodologies.",Project Manager
"QA engineer with expertise in automated testing.",Software Engineer
"Statistician with skills in experimental design.",Data Scientist
"Social media manager with experience in content planning.",Marketing
"Project manager with experience in government contracts.",Project Manager
"Site reliability engineer with expertise in Kubernetes.",Software Engineer
"Machine learning engineer with skills in MLOps.",Data Scientist
"Marketing director with experience in B2B campaigns.",Marketing
"Project manager with experience in supply chain systems.",Project Manager
"Frontend engineer with expertise in Vue.js.",Software Engineer
"Data scientist with experience in natural language processing.",Data Scientist
"SEO manager with experience in technical SEO.",Marketing
"Project manager with experience in agile transformations.",Project Manager
"Python developer with experience in FastAPI.",Software Engineer
"Data analyst with skills in Excel and Power Query.",Data Scientist
"Digital strategist with experience in omnichannel marketing.",Marketing
"Project manager with experience in cybersecurity projects.",Project Manager
"Backend engineer with expertise in Go.",Software Engineer
"AI specialist with experience in computer vision.",Data Scientist
"Marketing coordinator with event planning experience.",Marketing
"Project manager with experience in CRM implementations.",Project Manager
"Mobile developer with expertise in Swift.",Software Engineer
"Data scientist with skills in geospatial analysis.",Data Scientist
"Content marketing manager with blog management experience.",Marketing
"Project manager with experience in fintech projects.",Project Manager
"Software engineer with expertise in distributed systems.",Software Engineer
"Data scientist with experience in recommendation systems.",Data Scientist
"Advertising specialist with experience in video ads.",Marketing
"Project manager with experience in renewable energy projects.",Project Manager